folder_name,student_id,first_name,last_name,email
Abdulrahman Seyam - 20225389,20225389,Abdulrahman,Seyam,20225389@fue.edu.eg
Amina Abbas - 20220137,20220137,Amina,Abbas,20220137@fue.edu.eg
Amina Ezzat - 20220138,20220138,Amina,Ezzat,20220138@fue.edu.eg
Amina Fathy - 20220136,20220136,Amina,Fathy,20220136@fue.edu.eg
Amina Gaber - 20220157,20220157,Amina,Gaber,20220157@fue.edu.eg
Amina Hegazy - 20220022,20220022,Amina,Hegazy,20220022@fue.edu.eg
Amina Osman - 20220035,20220035,Amina,Osman,20220035@fue.edu.eg
Amina Saber - 20220006,20220006,Amina,Saber,20220006@fue.edu.eg
Amira Adel - 20220171,20220171,Amira,Adel,20220171@fue.edu.eg
Amira Bakr - 20220128,20220128,Amira,Bakr,20220128@fue.edu.eg
Amira Mostafa - 20220018,20220018,Amira,Mostafa,20220018@fue.edu.eg
Amira Shehata - 20220101,20220101,Amira,Shehata,20220101@fue.edu.eg
Amira Taher - 20220195,20220195,Amira,Taher,20220195@fue.edu.eg
Asmaa Ali - 20220012,20220012,Asmaa,Ali,20220012@fue.edu.eg
Asmaa Hamdy - 20220008,20220008,Asmaa,Hamdy,20220008@fue.edu.eg
Asmaa Saad - 20220094,20220094,Asmaa,Saad,20220094@fue.edu.eg
Asmaa Yehia - 20220067,20220067,Asmaa,Yehia,20220067@fue.edu.eg
Asmaa Youssef - 20220061,20220061,Asmaa,Youssef,20220061@fue.edu.eg
Aya Hamdy - 20220197,20220197,Aya,Hamdy,20220197@fue.edu.eg
Aya Mahmoud - 20220049,20220049,Aya,Mahmoud,20220049@fue.edu.eg
Aya Mekky - 20220009,20220009,Aya,Mekky,20220009@fue.edu.eg
Aya Saad - 20220074,20220074,Aya,Saad,20220074@fue.edu.eg
Aya Shawky - 20220236,20220236,Aya,Shawky,20220236@fue.edu.eg
Dina Badr - 20220227,20220227,Dina,Badr,20220227@fue.edu.eg
Dina Gaber - 20220180,20220180,Dina,Gaber,20220180@fue.edu.eg
Dina Ibrahim - 20220036,20220036,Dina,Ibrahim,20220036@fue.edu.eg
Dina Kassem - 20220079,20220079,Dina,Kassem,20220079@fue.edu.eg
Dina Samir - 20220213,20220213,Dina,Samir,20220213@fue.edu.eg
Dina Taher - 20220176,20220176,Dina,Taher,20220176@fue.edu.eg
Dina Yehia - 20220192,20220192,Dina,Yehia,20220192@fue.edu.eg
Dina Youssef - 20220184,20220184,Dina,Youssef,20220184@fue.edu.eg
Doaa Badr - 20220016,20220016,Doaa,Badr,20220016@fue.edu.eg
Doaa Gaber - 20220090,20220090,Doaa,Gaber,20220090@fue.edu.eg
Doaa Gamal - 20220244,20220244,Doaa,Gamal,20220244@fue.edu.eg
Doaa Ibrahim - 20220164,20220164,Doaa,Ibrahim,20220164@fue.edu.eg
Doaa Kassem - 20220177,20220177,Doaa,Kassem,20220177@fue.edu.eg
Doaa Sami - 20220073,20220073,Doaa,Sami,20220073@fue.edu.eg
Doaa Taher - 20220208,20220208,Doaa,Taher,20220208@fue.edu.eg
Farah Atef - 20220028,20220028,Farah,Atef,20220028@fue.edu.eg
Farah Awad - 20220095,20220095,Farah,Awad,20220095@fue.edu.eg
Farah Magdy - 20220235,20220235,Farah,Magdy,20220235@fue.edu.eg
Farah Mahmoud - 20220175,20220175,Farah,Mahmoud,20220175@fue.edu.eg
Farah Mekky - 20220134,20220134,Farah,Mekky,20220134@fue.edu.eg
Farah Saad - 20220001,20220001,Farah,Saad,20220001@fue.edu.eg
Farah Shawky - 20220162,20220162,Farah,Shawky,20220162@fue.edu.eg
Farah Shehata - 20220041,20220041,Farah,Shehata,20220041@fue.edu.eg
Farah Taher - 20220123,20220123,Farah,Taher,20220123@fue.edu.eg
Farah Tarek - 20220173,20220173,Farah,Tarek,20220173@fue.edu.eg
Hana Abbas - 20220147,20220147,Hana,Abbas,20220147@fue.edu.eg
Hana Ali - 20220150,20220150,Hana,Ali,20220150@fue.edu.eg
Hana Badr - 20220242,20220242,Hana,Badr,20220242@fue.edu.eg
Hana Ezzat - 20220063,20220063,Hana,Ezzat,20220063@fue.edu.eg
Hana Ibrahim - 20220089,20220089,Hana,Ibrahim,20220089@fue.edu.eg
Hana Saber - 20220103,20220103,Hana,Saber,20220103@fue.edu.eg
Hana Shawky - 20220237,20220237,Hana,Shawky,20220237@fue.edu.eg
Heba Awad - 20220027,20220027,Heba,Awad,20220027@fue.edu.eg
Heba Bakr - 20220005,20220005,Heba,Bakr,20220005@fue.edu.eg
Heba Ezzat - 20220202,20220202,Heba,Ezzat,20220202@fue.edu.eg
Heba Farid - 20220139,20220139,Heba,Farid,20220139@fue.edu.eg
Heba Gamal - 20220205,20220205,Heba,Gamal,20220205@fue.edu.eg
Heba Ibrahim - 20220172,20220172,Heba,Ibrahim,20220172@fue.edu.eg
Heba Magdy - 20220045,20220045,Heba,Magdy,20220045@fue.edu.eg
Heba Mahmoud - 20220194,20220194,Heba,Mahmoud,20220194@fue.edu.eg
Heba Rashad - 20220132,20220132,Heba,Rashad,20220132@fue.edu.eg
Heba Salem - 20220221,20220221,Heba,Salem,20220221@fue.edu.eg
Heba Taher - 20220246,20220246,Heba,Taher,20220246@fue.edu.eg
Heba Zaki - 20220019,20220019,Heba,Zaki,20220019@fue.edu.eg
Hoda Ali - 20220228,20220228,Hoda,Ali,20220228@fue.edu.eg
Hoda Gamal - 20220108,20220108,Hoda,Gamal,20220108@fue.edu.eg
Hoda Salem - 20220053,20220053,Hoda,Salem,20220053@fue.edu.eg
Hoda Tarek - 20220206,20220206,Hoda,Tarek,20220206@fue.edu.eg
Hoda Youssef - 20220105,20220105,Hoda,Youssef,20220105@fue.edu.eg
Jana Farid - 20220239,20220239,Jana,Farid,20220239@fue.edu.eg
Jana Hassan - 20220154,20220154,Jana,Hassan,20220154@fue.edu.eg
Jana Nabil - 20220070,20220070,Jana,Nabil,20220070@fue.edu.eg
Khadija Gamal - 20220229,20220229,Khadija,Gamal,20220229@fue.edu.eg
Khadija Mekky - 20220004,20220004,Khadija,Mekky,20220004@fue.edu.eg
Khadija Osman - 20220102,20220102,Khadija,Osman,20220102@fue.edu.eg
Laila Ali - 20220066,20220066,Laila,Ali,20220066@fue.edu.eg
Laila Bakr - 20220081,20220081,Laila,Bakr,20220081@fue.edu.eg
Laila Nabil - 20220010,20220010,Laila,Nabil,20220010@fue.edu.eg
Laila Sami - 20220219,20220219,Laila,Sami,20220219@fue.edu.eg
Laila Shehata - 20220127,20220127,Laila,Shehata,20220127@fue.edu.eg
Laila Youssef - 20220193,20220193,Laila,Youssef,20220193@fue.edu.eg
Lina Farid - 20223585,20223585,Lina,Farid,20223585@fue.edu.eg
Lina Gaber - 20220015,20220015,Lina,Gaber,20220015@fue.edu.eg
Lina Mekky - 20220243,20220243,Lina,Mekky,20220243@fue.edu.eg
Lina Saad - 20220191,20220191,Lina,Saad,20220191@fue.edu.eg
Lina Saber - 20220043,20220043,Lina,Saber,20220043@fue.edu.eg
Lina Salem - 20220149,20220149,Lina,Salem,20220149@fue.edu.eg
Lujain Adel - 20220223,20220223,Lujain,Adel,20220223@fue.edu.eg
Lujain Hegazy - 20220083,20220083,Lujain,Hegazy,20220083@fue.edu.eg
Lujain Rashad - 20220075,20220075,Lujain,Rashad,20220075@fue.edu.eg
Malak Adel - 20220047,20220047,Malak,Adel,20220047@fue.edu.eg
Malak Gaber - 20220230,20220230,Malak,Gaber,20220230@fue.edu.eg
Malak Gamal - 20220062,20220062,Malak,Gamal,20220062@fue.edu.eg
Malak Hassan - 20220165,20220165,Malak,Hassan,20220165@fue.edu.eg
Malak Mekky - 20220100,20220100,Malak,Mekky,20220100@fue.edu.eg
Malak Mostafa - 20220025,20220025,Malak,Mostafa,20220025@fue.edu.eg
Malak Saber - 20220056,20220056,Malak,Saber,20220056@fue.edu.eg
Malak Yehia - 20220179,20220179,Malak,Yehia,20220179@fue.edu.eg
Malak Zaki - 20220113,20220113,Malak,Zaki,20220113@fue.edu.eg
Mariam Farid - 20220109,20220109,Mariam,Farid,20220109@fue.edu.eg
Mariam Gaber - 20220130,20220130,Mariam,Gaber,20220130@fue.edu.eg
Mariam Hassan - 20220091,20220091,Mariam,Hassan,20220091@fue.edu.eg
Mariam Shawky - 20220023,20220023,Mariam,Shawky,20220023@fue.edu.eg
Mariam Zaki - 20220170,20220170,Mariam,Zaki,20220170@fue.edu.eg
Maya Nabil - 20223235,20223235,Maya,Nabil,20223235@fue.edu.eg
Maya Saber - 20220135,20220135,Maya,Saber,20220135@fue.edu.eg
Maya Yehia - 20220146,20220146,Maya,Yehia,20220146@fue.edu.eg
Maya Zaki - 20220189,20220189,Maya,Zaki,20220189@fue.edu.eg
Menna Hegazy - 20220093,20220093,Menna,Hegazy,20220093@fue.edu.eg
Menna Ibrahim - 20220196,20220196,Menna,Ibrahim,20220196@fue.edu.eg
Menna Kassem - 20220159,20220159,Menna,Kassem,20220159@fue.edu.eg
Menna Shehata - 20220058,20220058,Menna,Shehata,20220058@fue.edu.eg
Menna Taher - 20220121,20220121,Menna,Taher,20220121@fue.edu.eg
Menna Tarek - 20220148,20220148,Menna,Tarek,20220148@fue.edu.eg
Menna Yehia - 20220169,20220169,Menna,Yehia,20220169@fue.edu.eg
Mona Abbas - 20220224,20220224,Mona,Abbas,20220224@fue.edu.eg
Mona Farid - 20220082,20220082,Mona,Farid,20220082@fue.edu.eg
Mona Gaber - 20220131,20220131,Mona,Gaber,20220131@fue.edu.eg
Mona Hassan - 20220234,20220234,Mona,Hassan,20220234@fue.edu.eg
Mona Samir - 20220142,20220142,Mona,Samir,20220142@fue.edu.eg
Mona Youssef - 20220111,20220111,Mona,Youssef,20220111@fue.edu.eg
Nada Kassem - 20220160,20220160,Nada,Kassem,20220160@fue.edu.eg
Nada Morsy - 20220014,20220014,Nada,Morsy,20220014@fue.edu.eg
Nada Yehia - 20220214,20220214,Nada,Yehia,20220214@fue.edu.eg
Nadia Gaber - 20220203,20220203,Nadia,Gaber,20220203@fue.edu.eg
Nadia Osman - 20220201,20220201,Nadia,Osman,20220201@fue.edu.eg
Nadia Shehata - 20220024,20220024,Nadia,Shehata,20220024@fue.edu.eg
Nesma Abbas - 20220080,20220080,Nesma,Abbas,20220080@fue.edu.eg
Nesma Awad - 20220055,20220055,Nesma,Awad,20220055@fue.edu.eg
Nesma Bakr - 20220084,20220084,Nesma,Bakr,20220084@fue.edu.eg
Nesma Gamal - 20220092,20220092,Nesma,Gamal,20220092@fue.edu.eg
Nesma Kassem - 20220029,20220029,Nesma,Kassem,20220029@fue.edu.eg
Nesma Khaled - 20220017,20220017,Nesma,Khaled,20220017@fue.edu.eg
Nesma Magdy - 20220002,20220002,Nesma,Magdy,20220002@fue.edu.eg
Nesma Saad - 20220145,20220145,Nesma,Saad,20220145@fue.edu.eg
Nesma Salem - 20220060,20220060,Nesma,Salem,20220060@fue.edu.eg
Nesma Samir - 20220218,20220218,Nesma,Samir,20220218@fue.edu.eg
Noha Bakr - 20220168,20220168,Noha,Bakr,20220168@fue.edu.eg
Noha Fathy - 20220238,20220238,Noha,Fathy,20220238@fue.edu.eg
Noha Hassan - 20220178,20220178,Noha,Hassan,20220178@fue.edu.eg
Noha Mahmoud - 20220222,20220222,Noha,Mahmoud,20220222@fue.edu.eg
Noha Nabil - 20220155,20220155,Noha,Nabil,20220155@fue.edu.eg
Noha Rashad - 20220215,20220215,Noha,Rashad,20220215@fue.edu.eg
Noha Shawky - 20220211,20220211,Noha,Shawky,20220211@fue.edu.eg
Nour Gaber - 20220143,20220143,Nour,Gaber,20220143@fue.edu.eg
Nour Nassar - 20220107,20220107,Nour,Nassar,20220107@fue.edu.eg
Nour Samir - 20220153,20220153,Nour,Samir,20220153@fue.edu.eg
Omnia Hegazy - 20220044,20220044,Omnia,Hegazy,20220044@fue.edu.eg
Omnia Mahmoud - 20220104,20220104,Omnia,Mahmoud,20220104@fue.edu.eg
Omnia Salem - 20220187,20220187,Omnia,Salem,20220187@fue.edu.eg
Omnia Yehia - 20220026,20220026,Omnia,Yehia,20220026@fue.edu.eg
Raghad Atef - 20220161,20220161,Raghad,Atef,20220161@fue.edu.eg
Raghad Awad - 20220118,20220118,Raghad,Awad,20220118@fue.edu.eg
Raghad Rashad - 20220096,20220096,Raghad,Rashad,20220096@fue.edu.eg
Raghad Sami - 20220021,20220021,Raghad,Sami,20220021@fue.edu.eg
Raghad Shehata - 20220204,20220204,Raghad,Shehata,20220204@fue.edu.eg
Raghad Taher - 20220051,20220051,Raghad,Taher,20220051@fue.edu.eg
Raghad Youssef - 20220120,20220120,Raghad,Youssef,20220120@fue.edu.eg
Rama Ali - 20220207,20220207,Rama,Ali,20220207@fue.edu.eg
Rama Farid - 20220076,20220076,Rama,Farid,20220076@fue.edu.eg
Rama Morsy - 20220030,20220030,Rama,Morsy,20220030@fue.edu.eg
Rama Nabil - 20220245,20220245,Rama,Nabil,20220245@fue.edu.eg
Rama Saad - 20220013,20220013,Rama,Saad,20220013@fue.edu.eg
Rama Samir - 20220241,20220241,Rama,Samir,20220241@fue.edu.eg
Rama Shawky - 20220052,20220052,Rama,Shawky,20220052@fue.edu.eg
Rama Shehata - 20220054,20220054,Rama,Shehata,20220054@fue.edu.eg
Rama Yehia - 20220007,20220007,Rama,Yehia,20220007@fue.edu.eg
Rana Adel - 20220064,20220064,Rana,Adel,20220064@fue.edu.eg
Rana Atef - 20220141,20220141,Rana,Atef,20220141@fue.edu.eg
Rana Badr - 20220088,20220088,Rana,Badr,20220088@fue.edu.eg
Rana Fathy - 20220125,20220125,Rana,Fathy,20220125@fue.edu.eg
Rana Nassar - 20220059,20220059,Rana,Nassar,20220059@fue.edu.eg
Rana Osman - 20220003,20220003,Rana,Osman,20220003@fue.edu.eg
Rana Saad - 20220240,20220240,Rana,Saad,20220240@fue.edu.eg
Rana Saber - 20220156,20220156,Rana,Saber,20220156@fue.edu.eg
Rana Salem - 20220140,20220140,Rana,Salem,20220140@fue.edu.eg
Rania Abbas - 20220163,20220163,Rania,Abbas,20220163@fue.edu.eg
Rania Ali - 20220087,20220087,Rania,Ali,20220087@fue.edu.eg
Rania Ezzat - 20220112,20220112,Rania,Ezzat,20220112@fue.edu.eg
Rania Hamdy - 20220182,20220182,Rania,Hamdy,20220182@fue.edu.eg
Rania Hegazy - 20220115,20220115,Rania,Hegazy,20220115@fue.edu.eg
Rania Ragab - 20220220,20220220,Rania,Ragab,20220220@fue.edu.eg
Rania Sami - 20220085,20220085,Rania,Sami,20220085@fue.edu.eg
Rania Zaki - 20220216,20220216,Rania,Zaki,20220216@fue.edu.eg
Reem Ali - 20220126,20220126,Reem,Ali,20220126@fue.edu.eg
Reem Magdy - 20220199,20220199,Reem,Magdy,20220199@fue.edu.eg
Riham Adel - 20220086,20220086,Riham,Adel,20220086@fue.edu.eg
Riham Ezzat - 20220124,20220124,Riham,Ezzat,20220124@fue.edu.eg
Riham Farid - 20220110,20220110,Riham,Farid,20220110@fue.edu.eg
Riham Fathy - 20220099,20220099,Riham,Fathy,20220099@fue.edu.eg
Riham Hassan - 20220034,20220034,Riham,Hassan,20220034@fue.edu.eg
Riham Salem - 20220031,20220031,Riham,Salem,20220031@fue.edu.eg
Riham Samir - 20220037,20220037,Riham,Samir,20220037@fue.edu.eg
Riham Tarek - 20220217,20220217,Riham,Tarek,20220217@fue.edu.eg
Rita Adel - 20220069,20220069,Rita,Adel,20220069@fue.edu.eg
Rita Atef - 20220038,20220038,Rita,Atef,20220038@fue.edu.eg
Rita Mahmoud - 20220071,20220071,Rita,Mahmoud,20220071@fue.edu.eg
Rita Nabil - 20220174,20220174,Rita,Nabil,20220174@fue.edu.eg
Rita Tarek - 20220097,20220097,Rita,Tarek,20220097@fue.edu.eg
Salma Abbas - 20220057,20220057,Salma,Abbas,20220057@fue.edu.eg
Salma Morsy - 20220158,20220158,Salma,Morsy,20220158@fue.edu.eg
Salma Zaki - 20220106,20220106,Salma,Zaki,20220106@fue.edu.eg
Sara Kassem - 20220050,20220050,Sara,Kassem,20220050@fue.edu.eg
Sara Morsy - 20220200,20220200,Sara,Morsy,20220200@fue.edu.eg
Sara Osman - 20220188,20220188,Sara,Osman,20220188@fue.edu.eg
Sara Yehia - 20220098,20220098,Sara,Yehia,20220098@fue.edu.eg
Shahd Abbas - 20220119,20220119,Shahd,Abbas,20220119@fue.edu.eg
Shahd Ali - 20220152,20220152,Shahd,Ali,20220152@fue.edu.eg
Shahd Badr - 20220181,20220181,Shahd,Badr,20220181@fue.edu.eg
Shahd Mahmoud - 20220209,20220209,Shahd,Mahmoud,20220209@fue.edu.eg
Shahd Mostafa - 20220114,20220114,Shahd,Mostafa,20220114@fue.edu.eg
Shahd Osman - 20220183,20220183,Shahd,Osman,20220183@fue.edu.eg
Shahd Rashad - 20220032,20220032,Shahd,Rashad,20220032@fue.edu.eg
Shahd Salem - 20220151,20220151,Shahd,Salem,20220151@fue.edu.eg
Shahd Sami - 20220065,20220065,Shahd,Sami,20220065@fue.edu.eg
Sondos Ezzat - 20220072,20220072,Sondos,Ezzat,20220072@fue.edu.eg
Sondos Fathy - 20220133,20220133,Sondos,Fathy,20220133@fue.edu.eg
Sondos Hassan - 20220185,20220185,Sondos,Hassan,20220185@fue.edu.eg
Sondos Mostafa - 20220068,20220068,Sondos,Mostafa,20220068@fue.edu.eg
Sondos Osman - 20220077,20220077,Sondos,Osman,20220077@fue.edu.eg
Sondos Saber - 20220186,20220186,Sondos,Saber,20220186@fue.edu.eg
Sondos Salem - 20220212,20220212,Sondos,Salem,20220212@fue.edu.eg
Sondos Sami - 20220233,20220233,Sondos,Sami,20220233@fue.edu.eg
Sondos Tarek - 20220231,20220231,Sondos,Tarek,20220231@fue.edu.eg
Sondos Youssef - 20220129,20220129,Sondos,Youssef,20220129@fue.edu.eg
Yara Abbas - 20220020,20220020,Yara,Abbas,20220020@fue.edu.eg
Yara Ezzat - 20220048,20220048,Yara,Ezzat,20220048@fue.edu.eg
Yara Gaber - 20220226,20220226,Yara,Gaber,20220226@fue.edu.eg
Yara Nabil - 20220167,20220167,Yara,Nabil,20220167@fue.edu.eg
Yara Ragab - 20220166,20220166,Yara,Ragab,20220166@fue.edu.eg
Yara Sami - 20223008,20223008,Yara,Sami,20223008@fue.edu.eg
Yara Samir - 20220011,20220011,Yara,Samir,20220011@fue.edu.eg
Yara Zaki - 20220225,20220225,Yara,Zaki,20220225@fue.edu.eg
Yasmine Gaber - 20220116,20220116,Yasmine,Gaber,20220116@fue.edu.eg
Yasmine Mostafa - 20220210,20220210,Yasmine,Mostafa,20220210@fue.edu.eg
Yasmine Saad - 20220232,20220232,Yasmine,Saad,20220232@fue.edu.eg
Yasmine Salem - 20220117,20220117,Yasmine,Salem,20220117@fue.edu.eg
Yasmine Samir - 20220144,20220144,Yasmine,Samir,20220144@fue.edu.eg
Zeinab Bakr - 20220190,20220190,Zeinab,Bakr,20220190@fue.edu.eg
Zeinab Ibrahim - 20220198,20220198,Zeinab,Ibrahim,20220198@fue.edu.eg
Zeinab Magdy - 20220033,20220033,Zeinab,Magdy,20220033@fue.edu.eg
Zeinab Morsy - 20220046,20220046,Zeinab,Morsy,20220046@fue.edu.eg
Zeinab Nassar - 20220122,20220122,Zeinab,Nassar,20220122@fue.edu.eg
Zeinab Osman - 20220040,20220040,Zeinab,Osman,20220040@fue.edu.eg
Zeinab Sami - 20220039,20220039,Zeinab,Sami,20220039@fue.edu.eg
Zeinab Yehia - 20220078,20220078,Zeinab,Yehia,20220078@fue.edu.eg
Zeinab Zaki - 20220042,20220042,Zeinab,Zaki,20220042@fue.edu.eg
